name,email
Rhea1,rsircombe0@europa.eu
Cairistiona,cnorth1@de.vu
Bartel,bswaysland2@tiny.cc
Karlene,kkhotler3@dailymotion.com
Royall,rfrankum4@google.it
Kizzee,kpavlenko5@sciencedaily.com
Bendite,bearthfield6@bloglines.com
Normy,npellamonuten7@opensource.org
Nedi,nduggon8@csmonitor.com
Ann,amerman9@amazon.com
Holly,hpedroccoa@alibaba.com
Matelda,meglinb@uol.com.br
Lorianne,lveallc@meetup.com
Yvon,ypetscheld@spotify.com
Myrtie,mtullethe@mapquest.com
Kip,kmcorkillf@simplemachines.org
Annamaria,alazerg@hatena.ne.jp
Constantine,couthwaiteh@springer.com
Skell,svonaseki@deliciousdays.com
Shaine,sclethroj@sourceforge.net
Melly,mbradberryk@jiathis.com
Kelli,kdaniellil@bbb.org
Alister,aeadiem@etsy.com
Catherina,ckunzeln@example.com
Beatrix,bmonteso@amazon.co.uk
Ramonda,rcounsellp@gravatar.com
Patric,pvasilechkoq@independent.co.uk
Olly,oobreenr@ucsd.edu
Florie,fhevners@fotki.com
Kyla,kberettat@github.com
